{
  "rmse": 9553.02579109468,
  "mae": 6476.461781448641,
  "r2": 0.8105348294963767,
  "rows": 84314
}