{
  "train": {
    "rf": {
      "rmse": 9369.928564151345,
      "mae": 6000.371567732787,
      "r2": 0.8325517547391552,
      "rows": 337256
    },
    "gbr": {
      "rmse": 10852.829556393368,
      "mae": 6302.638074462447,
      "r2": 0.7753564228733844,
      "rows": 337256
    }
  },
  "val": {
    "rf": {
      "rmse": 9553.02579109468,
      "mae": 6476.461781448641,
      "r2": 0.8105348294963767,
      "rows": 84314
    },
    "gbr": {
      "rmse": 9597.80343580676,
      "mae": 6109.906376547763,
      "r2": 0.8087545166968171,
      "rows": 84314
    }
  },
  "best_model": "rf"
}